Date,Open,High,Low,Close,Volume,Dividends,Stock Splits,fast MA,slow MA,Indicator,Position,Indicator_Type
2023-01-03,86.92501220015102,87.29322992241362,85.79467048837759,86.74518585205078,2730000,0.0,0.0,86.34345054626465,82.12846740722657,1,0.0,
2023-01-04,86.92501015771869,87.12196002011486,86.21426327487922,86.68524169921875,5895500,0.0,0.0,86.30287017822266,82.39921264648437,1,0.0,
2023-01-05,86.13720342731014,86.5653633167785,85.42646297602573,86.33415985107422,3590200,0.0,0.0,86.32294807434081,82.65143676757812,1,0.0,
2023-01-06,87.43025277085421,89.28846522196672,87.19904929285845,88.62053680419922,5815700,0.0,0.0,86.4467758178711,82.92723526000977,1,0.0,
2023-01-09,89.05725774659462,89.4254755159134,87.58438666931947,87.60151672363281,4864200,0.0,0.0,86.51204299926758,83.1643894958496,1,0.0,
2023-01-10,87.87553434001177,88.04679567525608,87.1647873856657,87.50731658935547,4275100,0.0,0.0,86.57133140563965,83.40033645629883,1,0.0,
2023-01-11,87.61863342067795,88.16667751839408,86.49685667897792,87.39598846435547,4561600,0.0,0.0,86.60349197387696,83.58349304199218,1,0.0,
2023-01-12,87.7984672244097,87.82415577285627,86.56536463336192,86.86508178710938,4109100,0.0,0.0,86.62094535827637,83.7675309753418,1,0.0,
2023-01-13,86.77942431437127,87.22471416078803,86.6681051193671,87.08769989013672,2772100,0.0,0.0,86.64361038208008,83.95821960449219,1,0.0,
2023-01-17,87.44736567082235,87.73851121808642,86.42834318899709,86.68524169921875,4283900,0.0,0.0,86.69646224975585,84.18043060302735,1,0.0,
2023-01-18,86.49685041594815,86.83937958551925,84.47593550199917,84.998291015625,4271700,0.0,0.0,86.70682144165039,84.38648971557618,1,0.0,
2023-01-19,86.1543263485367,87.30179162137354,85.83748570460966,86.65099334716797,4645400,0.0,0.0,86.78586463928222,84.59786911010742,1,0.0,
2023-01-20,86.93359214301123,87.3275050406542,86.39411296559938,87.19049072265625,4806500,0.0,0.0,86.87877616882324,84.80448043823242,1,0.0,
2023-01-23,87.34460779067143,87.68713697100048,86.46259956123461,86.61673736572266,4815900,0.0,0.0,86.90574951171875,84.97255950927735,1,0.0,
2023-01-24,86.6338601128454,87.25897635136585,85.97449683647784,86.74518585205078,3604500,0.0,0.0,86.92458839416504,85.16908111572266,1,0.0,
2023-01-25,87.77278756038339,89.10864448043378,87.5843961417707,88.56060028076172,12289900,0.0,0.0,86.99866027832032,85.36335388183593,1,0.0,
2023-01-26,88.27798469535516,89.35694922391811,87.72994067235179,89.33126068115234,4156200,0.0,0.0,87.06887779235839,85.55240859985352,1,0.0,
2023-01-27,89.32270224291742,89.44258647346524,88.68046249361096,88.85173034667969,4133400,0.0,0.0,87.1896183013916,85.74100479125977,1,0.0,
2023-01-30,88.47495722259863,89.56248044172398,88.4150151008075,88.91168212890625,5358300,0.0,0.0,87.30265274047852,85.9182861328125,1,0.0,
2023-01-31,89.23708305848172,89.28846015440891,88.46639395356661,89.26277160644531,3540400,0.0,0.0,87.43238563537598,86.1019125366211,1,0.0,
2023-02-01,89.48540410454044,90.44448447177574,89.07436779481088,90.24752807617188,3791700,0.0,0.0,87.60750274658203,86.29762435913086,1,0.0,
2023-02-02,89.56248521856773,89.72518807205061,88.04680203918015,88.63766479492188,4378700,0.0,0.0,87.70512390136719,86.4421989440918,1,0.0,
2023-02-03,88.80033825906646,88.86028036862626,87.16477125067777,87.84982299804688,3530500,0.0,0.0,87.78090705871583,86.56053161621094,1,0.0,
2023-02-06,87.8155889436172,87.91834312765033,87.05346492376718,87.1819076538086,2888700,0.0,0.0,87.70897560119629,86.66110931396484,1,0.0,
2023-02-07,86.42836108511757,87.65289870875634,86.1457739720005,87.51588439941406,3939200,0.0,0.0,87.70469398498535,86.75230133056641,1,0.0,
2023-02-08,86.64242235793442,87.1990314364938,86.53110315550272,86.73661804199219,3875000,0.0,0.0,87.6661590576172,86.8255404663086,1,0.0,
2023-02-09,87.67857312227945,88.40644355700265,86.82225342655784,87.36173248291016,4108300,0.0,0.0,87.66444625854493,86.92176651000976,1,0.0,
2023-02-10,87.49019021783619,87.76421228567968,86.47117412380645,87.65289306640625,3692500,0.0,0.0,87.70383682250977,87.0211100769043,1,0.0,
2023-02-13,88.02110920017525,88.87742896295558,87.82415278012719,88.80892181396484,3787900,0.0,0.0,87.78989791870117,87.1117822265625,1,0.0,
2023-02-14,88.62053110315681,88.689038252675,87.01065228868731,87.09628295898438,3251400,0.0,0.0,87.81044998168946,87.12101989746094,1,0.0,
2023-02-15,86.89077229779006,86.89077229779006,85.86318460431063,86.5824966430664,3035600,0.0,0.0,87.88966026306153,87.08886581420899,1,0.0,
2023-02-16,85.85461666658935,86.7109363836978,84.81847059287225,85.88887023925781,2934300,0.0,0.0,87.85155410766602,87.05670623779297,1,0.0,
2023-02-17,85.85463378818753,87.34462856380281,85.58917018036705,87.19049072265625,4433400,0.0,0.0,87.85155410766602,87.08186401367188,1,0.0,
2023-02-21,86.90789879002133,86.99352946743782,85.34939694151437,85.61486053466797,3871000,0.0,0.0,87.80146026611328,87.07128158569336,1,0.0,
2023-02-22,85.56346322987083,86.67668145801498,84.98116556999867,85.28087615966797,3518000,0.0,0.0,87.72824478149414,87.05097564697266,1,0.0,
2023-02-23,85.40077374837335,85.61485369140395,84.68146174252584,85.48640441894531,4327000,0.0,0.0,87.57453498840331,87.03427276611328,1,0.0,
2023-02-24,84.67289236472683,84.95547944297527,83.43123137223071,84.41600036621094,3561600,0.0,0.0,87.32877197265626,86.98753723144532,1,0.0,
2023-02-27,84.84416502120163,84.92979569220894,83.89364954665726,84.06491088867188,3862700,0.0,0.0,87.08943099975586,86.93851516723633,1,0.0,
2023-02-28,83.65387995727328,83.95359056846829,82.66911092060286,83.31991577148438,4976500,0.0,0.0,86.80984268188476,86.87222549438476,0,-1.0,Death Cross (SELL)
2023-03-01,84.77564745203188,84.87840816453202,83.12295022522484,83.4997329711914,4220200,0.0,0.0,86.52169075012208,86.82965606689453,0,0.0,
2023-03-02,83.23428126069568,84.53589100456061,83.20003421819536,84.22761535644531,3316400,0.0,0.0,86.22069511413574,86.81838623046875,0,0.0,
2023-03-03,84.37318202124615,85.06679891249446,83.89364506267458,84.94691467285156,2465700,0.0,0.0,86.03615760803223,86.81592193603515,0,0.0,
2023-03-06,84.73282148908282,85.72615535729516,84.56156018300486,85.71759033203125,3524800,0.0,0.0,85.92954597473144,86.82362854003907,0,0.0,
2023-03-07,85.53777492423812,85.7090362521869,84.25329536501957,84.98973083496094,3682900,0.0,0.0,85.81993713378907,86.80187774658204,0,0.0,
2023-03-08,84.94691399464567,85.53777669474044,84.86128332889885,85.41789245605469,3533100,0.0,0.0,85.7150375366211,86.78286743164062,0,0.0,
2023-03-09,85.92312057535992,86.08582341847729,84.67289452439795,84.74140167236328,3775300,0.0,0.0,85.61527671813965,86.73611221313476,0,0.0,
2023-03-10,84.76709167310466,85.34083088065113,83.88508336083052,84.21904754638672,3970800,0.0,0.0,85.45814247131348,86.66195495605469,0,0.0,
2023-03-13,84.09058499268771,85.45213660067986,83.30277250161821,83.37984466552734,7568800,0.0,0.0,85.24449005126954,86.60081344604492,0,0.0,
2023-03-14,83.65386875325733,83.70524584166643,82.65196979687664,83.36271667480469,6141300,0.0,0.0,84.97217979431153,86.53504791259766,0,0.0,
2023-03-15,82.2066944010255,82.55778862763307,81.17911333429312,82.36083221435547,7110400,0.0,0.0,84.73540725708008,86.44890228271484,0,0.0,
2023-03-16,82.36938446557882,82.36938446557882,80.93932576746211,81.684326171875,7200300,0.0,0.0,84.49049873352051,86.34768508911132,0,0.0,
2023-03-17,81.54732259002107,81.76140250106646,80.02306813548948,81.17053985595703,18801400,0.0,0.0,84.25458221435547,86.2373910522461,0,0.0,
2023-03-20,81.48739609981308,82.6691150834022,81.47026604505288,82.4636001586914,5109400,0.0,0.0,84.01823768615722,86.15997985839844,0,0.0,
2023-03-21,83.02019828614301,83.3798575513013,81.63296445339425,81.94979858398438,4039600,0.0,0.0,83.83498458862304,86.02656509399414,0,0.0,
2023-03-22,82.00187282629967,82.27090665607666,80.04056701269509,80.16206359863281,7748300,1.27,0.0,83.57904396057128,85.87777603149414,0,0.0,
2023-03-23,80.08394506613159,80.27487014097265,78.28752391268438,78.33959197998047,5549100,0.0,0.0,83.22170333862304,85.69442153930665,0,0.0,
2023-03-24,78.73013814130526,78.96445111220783,78.17472324184125,78.75617218017578,3897500,0.0,0.0,82.93871192932129,85.52162521362305,0,0.0,
2023-03-27,79.54589440551938,80.70879210286797,79.43307142638743,80.36165618896484,6061600,0.0,0.0,82.75354919433593,85.39155670166015,0,0.0,
2023-03-28,80.30090395212041,81.92376046270628,80.30090395212041,81.77622985839844,4558600,0.0,0.0,82.67636489868164,85.28532730102539,0,0.0,
2023-03-29,82.29693959861544,82.7655721186013,81.8716949324205,82.20147705078125,4400100,0.0,0.0,82.61145210266113,85.19565200805664,0,0.0,
2023-03-30,84.01524911708698,85.18683368435036,83.5379430165973,83.8503646850586,5053000,0.0,0.0,82.5925895690918,85.17269348144531,0,0.0,
2023-03-31,84.30163218741781,84.49255726570718,83.91110843351078,84.3970947265625,3887200,0.0,0.0,82.56509857177734,85.1276155090332,0,0.0,
2023-04-03,84.37106022271367,85.4037877107656,84.34502618874036,84.96118927001953,2962800,0.0,0.0,82.52727851867675,85.08302947998047,0,0.0,
2023-04-04,84.65743815192376,84.96985976598891,84.07598276842889,84.64875793457031,3064600,0.0,0.0,82.51022987365722,85.04366989135742,0,0.0,
2023-04-05,84.69214949338561,85.89844815791314,84.67479567898356,85.6901626586914,4728000,0.0,0.0,82.52384338378906,85.02256942749024,0,0.0,
2023-04-06,85.69886319862928,86.70555682039152,85.69018297883679,85.94185638427734,3469400,0.0,0.0,82.58386611938477,84.97019454956055,0,0.0,
2023-04-10,85.56865945736288,85.82033278360129,85.13474129924131,85.5426254272461,3254500,0.0,0.0,82.65004501342773,84.89442184448242,0,0.0,
2023-04-11,85.9678833029736,86.52329814447637,85.55132548238011,85.6033935546875,2894200,0.0,0.0,82.76122245788574,84.82945510864258,0,0.0,
2023-04-12,85.4558588766194,86.35840960645706,85.01326041982847,85.73356628417969,2978000,0.0,0.0,82.8797649383545,84.76589279174804,0,0.0,
2023-04-13,85.79431460313802,86.6361170447791,85.61206973758689,86.56668853759766,2978800,0.0,0.0,83.09005775451661,84.7119711303711,0,0.0,
2023-04-14,86.71422577870386,86.81836854743756,85.8811034920365,86.33238220214844,2303900,0.0,0.0,83.32246055603028,84.63366821289063,0,0.0,
2023-04-17,86.53196971985534,86.81835733107305,86.19351404153134,86.73157501220703,2844500,0.0,0.0,83.60051231384277,84.59554641723633,0,0.0,
2023-04-18,86.6534804293139,87.94655506828184,86.56669809628804,87.93788146972656,3071900,0.0,0.0,83.87422637939453,84.59730758666993,0,0.0,
2023-04-19,88.07670237174597,88.44987223770227,87.73824675158392,88.09406280517578,4048100,0.0,0.0,84.1814395904541,84.61555068969727,0,0.0,
2023-04-20,83.67680102483385,85.7856441682469,83.27759699461203,83.92847442626953,9046400,0.0,0.0,84.36976013183593,84.54380249023437,0,0.0,
2023-04-21,84.99591065309005,85.26493785480646,83.62472736621616,84.84837341308594,4927000,0.0,0.0,84.69519920349121,84.50603759765625,1,1.0,Golden Cross (BUY)
2023-04-24,85.03930103198269,85.61207632872633,84.62274319895765,85.35172271728516,4099200,0.0,0.0,85.02497673034668,84.46583740234375,1,0.0,
2023-04-25,85.34303386507518,86.30633286047069,85.047972648285,85.64678192138672,4645800,0.0,0.0,85.28923301696777,84.42571517944336,1,0.0,
2023-04-26,85.3864257693512,86.01126905796575,85.18682709836222,85.2215347290039,2489600,0.0,0.0,85.46149826049805,84.35396743774415,1,0.0,
2023-04-27,84.93516335477634,86.05467327010585,84.57066698110893,85.75960540771484,4131000,0.0,0.0,85.63940467834473,84.32723388671874,1,0.0,
2023-04-28,85.62075046344582,86.80968220590327,85.3690770892224,86.75761413574219,3855100,0.0,0.0,85.7847671508789,84.33073623657226,1,0.0,
2023-05-01,86.56667933496867,87.4692299691795,86.1674753927138,86.21954345703125,2340800,0.0,0.0,85.87588958740234,84.33734970092773,1,0.0,
2023-05-02,85.96788643557679,86.16749175514055,82.80896192652082,84.10204315185547,3814600,0.0,0.0,85.83293228149414,84.27558074951172,1,0.0,
2023-05-03,84.08465859890197,84.47518228557603,83.15607402250619,83.19078826904297,3579900,0.0,0.0,85.76003379821778,84.22709930419921,1,0.0,
2023-05-04,82.83497190206963,83.02589694678436,81.38568687510305,81.90638732910156,4466100,0.0,0.0,85.57084503173829,84.15960952758789,1,0.0,
2023-05-05,82.01055345047281,83.31230826714697,81.74152624043504,82.93045806884766,2426800,0.0,0.0,85.4202751159668,84.10849060058594,1,0.0,
2023-05-08,82.91310425122832,83.19081168060944,82.49653979662294,82.93045806884766,2278700,0.0,0.0,85.28966674804687,84.07877975463867,1,0.0,
2023-05-09,82.63539023146933,83.51190692535776,81.98451287504133,83.00856018066406,2908200,0.0,0.0,85.1599250793457,84.05765274047852,1,0.0,
2023-05-10,83.24287566665947,83.47719522995165,81.58531139111543,82.53125,2667400,0.0,0.0,84.99980926513672,84.04187942504883,1,0.0,
2023-05-11,82.0192346967723,82.49654082955537,81.37703087867021,82.47918701171875,3554500,0.0,0.0,84.79543418884278,84.02146850585937,1,0.0,
2023-05-12,82.48785858489676,82.60935516022042,81.9411173748735,82.5486068725586,2229400,0.0,0.0,84.60624542236329,83.98788833618164,1,0.0,
2023-05-15,82.78292899558957,82.86971132744618,82.01923520575694,82.44447326660156,2600100,0.0,0.0,84.391890335083,83.93783950805664,1,0.0,
2023-05-16,82.19279120538614,82.37503606939453,81.35966898946207,81.45513153076172,6273100,0.0,0.0,84.06775283813477,83.85259033203126,1,0.0,
2023-05-17,81.59397014727222,81.98450047470054,80.81292273454729,81.13401794433594,5658000,0.0,0.0,83.71975059509278,83.77547607421874,0,-1.0,Death Cross (SELL)
2023-05-18,80.56126149130587,80.74350635636497,79.67606457979956,80.36165618896484,8395200,0.0,0.0,83.54140968322754,83.67435134887695,0,0.0,
2023-05-19,80.81292420501057,81.38569275950194,80.74349570717344,80.87367248535156,4027000,0.0,0.0,83.34267463684083,83.59699676513672,0,0.0,
2023-05-22,80.7522003190149,81.19479222903026,80.43109838531632,80.7695541381836,3062600,0.0,0.0,83.11356620788574,83.52800689697266,0,0.0,
2023-05-23,81.12534015975194,81.30758498804995,80.65670776367188,80.65670776367188,7659600,0.0,0.0,82.8640625,83.47354415893555,0,0.0,
2023-05-24,80.72614796005455,81.16006620813735,80.13601887781927,80.14469909667969,3737200,0.0,0.0,82.61022071838379,83.40918380737304,0,0.0,
2023-05-25,79.58927345387038,79.7107700171387,78.65200857631523,78.76483154296875,5536100,0.0,0.0,82.26048202514649,83.33726379394531,0,0.0,
2023-05-26,79.58059890130468,79.84095248173699,78.73012289788348,78.83425903320312,4777200,0.0,0.0,81.86431427001953,83.28026245117188,0,0.0,
2023-05-30,78.36561480775781,78.6346419223436,77.31552713501026,78.28750610351562,7805300,0.0,0.0,81.46771240234375,83.22260177612304,0,0.0,
2023-05-31,78.13999430009187,78.60862677490645,77.72342989323448,78.11396026611328,6644900,0.0,0.0,81.16830825805664,83.13560897827148,0,0.0,
2023-06-01,78.22678018751155,78.76484119151567,77.7755081288158,78.244140625,4386900,0.0,0.0,80.9209758758545,83.0614958190918,0,0.0,
2023-06-02,78.53919487192958,79.85830329794584,78.27884130127565,79.6500244140625,4689700,0.0,0.0,80.80815773010254,83.05125503540039,0,0.0,
2023-06-05,79.39835398155857,79.39835398155857,77.74078982536878,78.14867401123047,4470500,0.0,0.0,80.56906852722167,83.04743667602538,0,0.0,
2023-06-06,78.06187768499863,79.58927152763337,78.00112940483471,79.51116943359375,4457600,0.0,0.0,80.39810409545899,83.06253662109376,0,0.0,
2023-06-07,79.7194514415406,80.19676410522423,79.05121371238353,80.05790710449219,5067700,0.0,0.0,80.2505714416504,83.05646163940429,0,0.0,
2023-06-08,80.27486721608462,80.4397582512697,79.69341841557538,79.98847961425781,2712600,0.0,0.0,80.12343292236328,83.02070663452149,0,0.0,
2023-06-09,79.9277283412536,80.44842883896526,79.58059246909049,80.35296630859375,3433800,0.0,0.0,80.01712188720703,82.98373641967774,0,0.0,
2023-06-12,80.3182698602047,80.58729705357186,79.97113393972214,80.4050521850586,2817800,0.0,0.0,79.90994415283203,82.91483016967773,0,0.0,
2023-06-13,80.30958157852876,81.02988738252655,80.23147285925528,80.9691390991211,3403800,0.0,0.0,79.836177444458,82.8462710571289,0,0.0,
2023-06-14,81.55927118167706,81.73283582047839,80.57861177135662,80.76085662841797,3046000,0.0,0.0,79.80146369934081,82.76226440429687,0,0.0,
2023-06-15,81.31627454704564,82.46181842198978,81.09931542966177,82.21015167236328,4725200,0.0,0.0,79.85527038574219,82.71349227905273,0,0.0,
2023-06-16,82.22750245187467,83.40776053654206,82.10600588031184,82.3489990234375,9547300,0.0,0.0,79.95463752746582,82.64666900634765,0,0.0,
2023-06-20,83.10402218436043,83.87639611263364,82.26221974946188,82.28825378417969,5025700,0.0,0.0,80.02536659240722,82.5735969543457,0,0.0,
2023-06-21,82.44446517310016,83.8069681748024,82.27957412401257,83.61604309082031,4877900,0.0,0.0,80.16769104003906,82.53506530761719,0,0.0,
2023-06-22,83.73916396256497,84.53065077600714,83.27306803617834,84.15249633789062,5775900,1.27,0.0,80.34248046875,82.50604736328125,0,0.0,
2023-06-23,84.13490545133706,85.17263113345942,83.9854042477742,84.68894958496094,8867100,0.0,0.0,80.56969299316407,82.48515502929688,0,0.0,
2023-06-26,84.61859050351748,85.41007730049022,83.80951809305881,85.1022720336914,3825700,0.0,0.0,80.88656501770019,82.45586669921875,0,0.0,
2023-06-27,85.19901169864221,85.41007932250201,84.41632104463555,84.91759490966797,3345600,0.0,0.0,81.19073181152343,82.42757095336914,0,0.0,
2023-06-28,84.56583432416194,84.7944808669339,83.7391695186614,84.60100555419922,2976400,0.0,0.0,81.50640678405762,82.38495956420898,0,0.0,
2023-06-29,84.48667027923678,85.94652437009212,84.38113647560104,85.91134643554688,3143100,0.0,0.0,81.89627609252929,82.3444288635254,0,0.0,
2023-06-30,86.03445632546475,86.36863660238474,85.48920846464392,85.84977722167969,3754900,0.0,0.0,82.27655792236328,82.29954315185547,0,0.0,
2023-07-03,86.18395826888671,86.64125795241729,85.66509888354426,86.60608673095703,2061100,0.0,0.0,82.62436103820801,82.35309539794922,1,1.0,Golden Cross (BUY)
2023-07-05,86.15757800749203,86.25431564196329,85.33091338910293,85.70027160644531,3817800,0.0,0.0,83.00194091796875,82.3701333618164,1,0.0,
2023-07-06,84.84722609671297,85.9465112224454,84.68013261056039,85.7442398071289,3091900,0.0,0.0,83.3135944366455,82.37798370361328,1,0.0,
2023-07-07,85.7354639876449,86.6236884586233,85.51560691033875,85.9201431274414,4707800,0.0,0.0,83.60670623779296,82.38345092773437,1,0.0,
2023-07-10,86.13121248667827,86.65007197900492,85.65632038499477,85.96411895751953,4123100,0.0,0.0,83.90548820495606,82.39830261230469,1,0.0,
2023-07-11,86.28070618148332,86.71162414550781,86.0256711837327,86.71162414550781,3419300,0.0,0.0,84.22342109680176,82.41734298706055,1,0.0,
2023-07-12,86.84354319716945,87.21290146681537,86.72921993547105,87.06340026855469,5605000,0.0,0.0,84.55633850097657,82.4234587097168,1,0.0,
2023-07-13,87.30084517017335,88.50566436737863,87.1161660306611,88.37374877929688,5405700,0.0,0.0,84.92656898498535,82.4665428161621,1,0.0,
2023-07-14,88.26822549876483,88.53204997684736,87.49432426024212,87.50312042236328,2938400,0.0,0.0,85.26368217468261,82.53456436157227,1,0.0,
2023-07-17,87.19530647297154,87.3272220435125,86.10481739487513,87.01941680908203,4730500,0.0,0.0,85.50414543151855,82.61113693237304,1,0.0,
2023-07-18,86.72922492076323,87.64383119543905,86.42141963552662,86.49177551269531,5936800,0.0,0.0,85.71128425598144,82.70284469604492,1,0.0,
2023-07-19,86.19276151657525,87.45034413657483,86.16637974355855,86.86112213134766,7653900,0.0,0.0,85.93992767333984,82.78145797729492,1,0.0,
2023-07-20,87.74934606773702,88.55841841385953,86.31588049518271,86.3422622680664,6553800,0.0,0.0,86.07623863220215,82.8496940612793,1,0.0,
2023-07-21,86.65886911053647,86.65886911053647,85.48922781234991,85.76184844970703,4192900,0.0,0.0,86.15670623779297,82.90475982666015,1,0.0,
2023-07-24,85.7794213603794,86.12239779733798,85.64750579781743,85.84977722167969,4414500,0.0,0.0,86.21474761962891,82.97113037109375,1,0.0,
2023-07-25,85.51560893132432,85.74426217578802,84.25802615103254,85.47164154052734,4042200,0.0,0.0,86.2332160949707,83.03097946166992,1,0.0,
2023-07-26,85.29574226067373,86.5885028339865,84.9351801748444,86.38623809814453,3869000,0.0,0.0,86.30664825439453,83.10773208618164,1,0.0,
2023-07-27,86.6236825209166,87.02821871028992,86.35985136243157,86.69403839111328,4643200,0.0,0.0,86.41129989624024,83.19272338867188,1,0.0,
2023-07-28,87.06340847362449,87.90765890216741,86.61489812706839,87.81971740722656,3888900,0.0,0.0,86.50671844482422,83.32001510620117,1,0.0,
2023-07-31,87.5734748087053,88.10113046538875,87.22170213441443,87.69659423828125,4740600,0.0,0.0,86.5990592956543,83.45126663208008,1,0.0,
2023-08-01,87.9428310248688,88.08354277507125,86.37744970614702,86.4038314819336,3380300,0.0,0.0,86.58894653320313,83.57211013793945,1,0.0,
2023-08-02,86.06965061418694,86.57092447958925,85.31334173522829,86.13121032714844,2873600,0.0,0.0,86.61049346923828,83.67726089477539,1,0.0,
2023-08-03,85.95532120999184,86.08723679849922,85.3924876278988,85.67390441894531,2309900,0.0,0.0,86.6069766998291,83.77534790039063,1,0.0,
2023-08-04,85.54197873964985,85.85857343091891,84.51304934777777,84.60978698730469,2560300,0.0,0.0,86.54145889282226,83.85440948486328,1,0.0,
2023-08-07,84.9263785412255,85.92012996296712,84.82084474486619,85.48921203613281,2303300,0.0,0.0,86.51771354675293,83.96129974365235,1,0.0,
2023-08-08,85.13745328539723,85.69149741960516,84.5394417610098,85.43646240234375,2433500,0.0,0.0,86.45395545959472,84.09473236083984,1,0.0,
2023-08-09,85.339716457803,85.96410969752421,85.3133346843578,85.41007232666016,1829500,0.0,0.0,86.3712890625,84.22624862670898,1,0.0,
2023-08-10,85.7442518371526,86.54453474152837,85.128654764175,85.16382598876953,2402400,0.0,0.0,86.21079292297364,84.36377502441407,1,0.0,
2023-08-11,84.89121058472672,84.97915207060795,84.18767198817156,84.56582641601562,2642300,0.0,0.0,86.06392822265624,84.49281234741211,1,0.0,
2023-08-14,84.57460675263388,84.86481966331804,84.17886675406791,84.2931900024414,2763800,0.0,0.0,85.92761688232422,84.61379333496093,1,0.0,
2023-08-15,83.95902203827208,83.95902203827208,82.93888197556936,83.22029876708984,2689900,0.0,0.0,85.76404304504395,84.68519882202149,1,0.0,
2023-08-16,83.04441366825652,83.85348608453339,82.41122422612494,82.65746307373047,3222100,0.0,0.0,85.55386009216309,84.77537460327149,1,0.0,
2023-08-17,82.85974183258035,83.23789629886333,81.67251487874042,82.13861083984375,3385600,0.0,0.0,85.34367752075195,84.82792343139648,1,0.0,
2023-08-18,82.02427639345545,83.24668793009508,81.93633490342172,82.98285675048828,2884600,0.0,0.0,85.20472793579101,84.88642242431641,1,0.0,
2023-08-21,82.98286371186646,83.79193622325833,82.69265073185431,82.95648193359375,3093500,0.0,0.0,85.06006317138672,84.94578247070312,1,0.0,
2023-08-22,82.61348926315797,82.9212877987388,82.05944518960762,82.69263458251953,2459400,0.0,0.0,84.92111282348633,84.99257583618164,0,-1.0,Death Cross (SELL)
2023-08-23,83.0180411229816,83.0180411229816,82.4376151666611,82.94768524169922,2458800,0.0,0.0,84.74918518066406,85.04342849731445,0,0.0,
2023-08-24,82.72781425153805,83.74795423029228,82.58710922210936,82.73661041259766,2713900,0.0,0.0,84.55131378173829,85.07877792358398,0,0.0,
2023-08-25,83.27305846869749,83.66000231453009,82.71022495702762,83.60723876953125,2474700,0.0,0.0,84.34068984985352,85.13570556640624,0,0.0,
2023-08-28,83.89746585721856,84.48668124091266,83.7831358777366,84.31958770751953,2659400,0.0,0.0,84.17183952331543,85.17789428710938,0,0.0,
2023-08-29,84.4514984556365,84.88241644336345,83.77434161777983,84.64497375488281,2457500,0.0,0.0,84.08389663696289,85.22381378173829,0,0.0,
2023-08-30,84.99673770209164,85.1374427265235,84.48666773082849,85.09347534179688,2574100,0.0,0.0,84.03200988769531,85.27991821289062,0,0.0,
2023-08-31,85.30455485825496,85.70029495472272,84.42512645765439,84.47789001464844,3098500,0.0,0.0,83.97220916748047,85.29715515136719,0,0.0,
2023-09-01,85.07589149289534,85.278162953197,83.61604401019474,84.1436996459961,2538600,0.0,0.0,83.94890480041504,85.2969792175293,0,0.0,
2023-09-05,83.94142700625524,84.1700802387084,82.8773195879808,83.1147689819336,4328000,0.0,0.0,83.83018264770507,85.26549560546874,0,0.0,
2023-09-06,82.79818640645874,82.81577202253185,81.83960594756996,82.2705307006836,4690700,0.0,0.0,83.67188606262206,85.2088607788086,0,0.0,
2023-09-07,82.82455255999581,83.00923168670103,81.83080105643775,82.03306579589844,3531000,0.0,0.0,83.50303573608399,85.1511701965332,0,0.0,
2023-09-08,82.14739870551169,82.44640109960372,81.61094691892986,82.37604522705078,4130900,0.0,0.0,83.36364669799805,85.10667098999023,0,0.0,
2023-09-11,82.62229230315347,83.51931299381044,82.54314697077513,83.13236236572266,2482600,0.0,0.0,83.2919734954834,85.05109130859375,0,0.0,
2023-09-12,83.3346084741093,83.51049140996888,82.71021532945272,83.06198120117188,3071000,0.0,0.0,83.23041305541992,84.99533538818359,0,0.0,
2023-09-13,83.54568401346683,84.05575401035658,83.23788546689718,83.76554107666016,4688400,0.0,0.0,83.25767517089844,84.93852447509765,0,0.0,
2023-09-14,83.93264030951026,84.71533097103772,83.78313239712992,84.69773864746094,4214600,0.0,0.0,83.35968894958496,84.91847381591796,0,0.0,
2023-09-15,84.11731332121316,84.6977324763515,83.76554067986912,84.24043273925781,6932700,0.0,0.0,83.46478004455567,84.88839767456055,0,0.0,
2023-09-18,84.73291162721212,85.33092311322591,84.21405217365133,85.26936340332031,4557100,0.0,0.0,83.57910537719727,84.87538208007813,0,0.0,
2023-09-19,85.29573984046264,85.89375128905733,84.99673747091768,85.58595275878906,3723200,0.0,0.0,83.71057891845703,84.86781875610352,0,0.0,
2023-09-20,85.79701661255517,86.64126691452007,85.33971688172188,85.9289321899414,3765000,0.0,0.0,83.87239379882813,84.8521649169922,0,0.0,
2023-09-21,85.06707760587209,85.40125784700415,83.90623285675123,84.354736328125,3591700,0.0,0.0,83.94274635314942,84.79799163818359,0,0.0,
2023-09-22,84.23164359102644,84.23164359102644,82.91250110828662,83.484130859375,4903600,0.0,0.0,83.98012237548828,84.70019927978515,0,0.0,
2023-09-25,82.32328340771166,82.8773208193242,82.10342633349161,82.4200210571289,4092700,0.0,0.0,83.92076148986817,84.59853729248047,0,0.0,
2023-09-26,81.96520160289516,82.0276272243705,81.10906907425839,81.2160873413086,4184800,1.3,0.0,83.76558647155761,84.482470703125,0,0.0,
2023-09-27,81.05555841231737,81.24283526535193,80.32428397499487,80.54723358154297,4793100,0.0,0.0,83.56069946289062,84.36357986450196,0,0.0,
2023-09-28,81.15366756175054,83.33857127455218,81.06448906806366,82.98185729980469,6932800,0.0,0.0,83.45511856079102,84.2859945678711,0,0.0,
2023-09-29,83.71312686439919,83.71312686439919,82.2594909684586,82.56270599365234,5330800,0.0,0.0,83.3593593597412,84.21040344238281,0,0.0,
2023-10-02,82.31300247149647,82.72322895605956,81.23392032267762,81.51930236816406,5299600,0.0,0.0,83.2281394958496,84.12555252075195,0,0.0,
2023-10-03,81.17149627322911,81.59956254586659,80.34212339814862,80.50264739990234,4129500,0.0,0.0,83.09753341674805,84.01860992431641,0,0.0,
2023-10-04,80.61858700989657,81.72441526194336,80.51156873884068,81.44795989990234,4151600,0.0,0.0,83.05640487670898,83.93813629150391,0,0.0,
2023-10-05,81.86710965575021,82.3397617988841,81.35878475413111,82.02763366699219,5452600,0.0,0.0,83.05613327026367,83.85096420288086,0,0.0,
2023-10-06,81.28743577173877,82.25949288445926,80.71668526807335,82.19706726074219,4987300,0.0,0.0,83.04718437194825,83.76102478027343,0,0.0,
2023-10-09,81.92062326689793,82.34868280210566,81.40337842496193,82.32192993164062,2457300,0.0,0.0,83.00666275024415,83.65106903076172,0,0.0,
2023-10-10,83.24937900748205,85.06864855400943,83.14236755431573,83.87364196777344,6983600,0.0,0.0,83.04724578857422,83.57460998535156,0,0.0,
2023-10-11,84.13227295310492,84.27496398868507,82.6608107710121,83.07103729248047,3604200,0.0,0.0,83.01252059936523,83.5079541015625,0,0.0,
2023-10-12,83.36532335311274,83.60610594452474,81.33201714128074,81.92952728271484,3660500,0.0,0.0,82.87411003112793,83.42392044067383,0,0.0,
2023-10-13,81.40337054797642,82.36651461482076,81.17150101991028,82.27733612060547,3119200,0.0,0.0,82.77595520019531,83.35598907470703,0,0.0,
2023-10-16,82.95508808915051,83.32072871626929,82.23273352830297,83.04427337646484,3682900,0.0,0.0,82.66470069885254,83.32467880249024,0,0.0,
2023-10-17,82.6607932994665,83.31180230102247,82.2773197272513,83.28504943847656,2716600,0.0,0.0,82.54965553283691,83.28059555053711,0,0.0,
2023-10-18,83.21372073077393,83.84689688638697,82.73214869610703,83.12454223632812,3842900,0.0,0.0,82.40943603515625,83.2343571472168,0,0.0,
2023-10-19,81.56388903099078,82.81240827703341,80.44914091914603,80.91287994384766,6693300,0.0,0.0,82.23734321594239,83.14441329956054,0,0.0,
2023-10-20,80.90396246555224,83.32073562760795,80.90396246555224,82.54486846923828,5591800,0.0,0.0,82.19038009643555,83.09203414916992,0,0.0,
2023-10-23,82.32192058629677,82.35759334416171,80.74344017309953,81.08232116699219,4059500,0.0,0.0,82.12349510192871,83.02236404418946,0,0.0,
2023-10-24,80.65425906347853,81.48363194625082,80.60074652647596,81.00205993652344,2915200,0.0,0.0,82.11279373168945,82.9565414428711,0,0.0,
2023-10-25,80.67207830077183,81.48361806891977,80.1994262616885,80.28860473632812,4021700,0.0,0.0,82.09986228942871,82.89790756225585,0,0.0,
2023-10-26,80.15483896065342,80.5115596868506,79.70002666853692,80.00323486328125,4297800,0.0,0.0,81.95093116760253,82.84482299804688,0,0.0,
2023-10-27,79.65544108486687,79.9943220626486,77.79158550124352,78.005615234375,4321600,0.0,0.0,81.72307662963867,82.7621630859375,0,0.0,
2023-10-30,78.74582299285233,80.1726994625861,78.66555757686659,79.71788024902344,3821600,0.0,0.0,81.63300552368165,82.69686355590821,0,0.0,
2023-10-31,79.61085556043736,79.7713795756166,78.94200663117097,79.51276397705078,3487100,0.0,0.0,81.58351135253906,82.62798919677735,0,0.0,
2023-11-01,79.86947528938711,79.87839517989937,78.95984376974184,79.37899017333984,4170400,0.0,0.0,81.48006286621094,82.56171630859374,0,0.0,
2023-11-02,79.70894838891277,81.18933718164595,79.1738706435919,81.10015869140625,3600000,0.0,0.0,81.43368911743164,82.52476577758789,0,0.0,
2023-11-03,81.59955289012096,82.53594392352753,81.47470165951766,81.61738586425781,3929900,0.0,0.0,81.40470504760742,82.50238128662109,0,0.0,
2023-11-06,81.76009881940861,81.84927732179425,80.95747869017063,81.12692260742188,5216500,0.0,0.0,81.34495468139649,82.4527749633789,0,0.0,
2023-11-07,81.17150418116532,81.64416314629193,80.80587029947797,81.40337371826172,3085200,0.0,0.0,81.2214412689209,82.39445068359375,0,0.0,
2023-11-08,81.41228761759604,81.77792147237427,80.43131060745306,80.44022369384766,5185100,0.0,0.0,81.08990058898925,82.31035568237304,0,0.0,
2023-11-09,80.62751668569675,80.62751668569675,79.90515517519283,80.0835189819336,5264800,0.0,0.0,80.99760017395019,82.21015655517579,0,0.0,
2023-11-10,80.26186600537307,80.32429162899972,79.0846922427829,79.99432373046875,6008100,0.0,0.0,80.88344955444336,82.12048522949219,0,0.0,
2023-11-13,80.14593997313382,80.74344338238394,79.75354642490598,80.26187133789062,7640200,0.0,0.0,80.74432945251465,82.04284866333008,0,0.0,
2023-11-14,80.6631771543324,81.30527320713983,80.35996890933059,80.61859130859375,6202500,0.0,0.0,80.6110065460205,81.99292510986328,0,0.0,
2023-11-15,80.8593688285122,81.81359295686141,80.5383208223496,81.80467987060547,6297800,0.0,0.0,80.54501342773438,81.98360809326172,0,0.0,
2023-11-16,81.20717694101732,82.04546978783128,80.54724789346338,81.40337371826172,4579400,0.0,0.0,80.56953811645508,81.97101425170898,0,0.0,
2023-11-17,81.73333428200915,82.2059864006793,81.1893366500613,82.00086975097656,3059700,0.0,0.0,80.54233818054199,81.9635107421875,0,0.0,
2023-11-20,81.4657946081644,82.4735313046845,81.28743762316266,82.38434600830078,3466300,0.0,0.0,80.60743942260743,81.94855041503907,0,0.0,
2023-11-21,82.64296534395852,83.01751908094461,82.25949171688724,82.75890350341797,3211600,0.0,0.0,80.69528160095214,81.94248886108399,0,0.0,
2023-11-22,82.96402683811787,83.6953014547073,82.54488038643545,83.66854858398438,3508300,0.0,0.0,80.86427879333496,81.94054901123047,0,0.0,
2023-11-24,83.8290549740193,84.19469560732266,83.73987648907871,84.13226318359375,2080100,0.0,0.0,81.07073020935059,81.92923950195312,0,0.0,
2023-11-27,83.89147494200722,84.0698318998723,83.41882288017113,83.87364196777344,3478700,0.0,0.0,81.3641315460205,81.92190368652344,0,0.0,
2023-11-28,83.89149170028745,84.26604546895457,83.42775943487337,83.96283721923828,2456500,0.0,0.0,81.57637939453124,81.89577316284179,0,0.0,
2023-11-29,84.13227364115274,84.25713170024801,83.32074048227365,83.51693725585938,2627800,0.0,0.0,81.77658805847167,81.8543928527832,0,0.0,
2023-11-30,83.8558194561874,83.8558194561874,82.72323825238557,83.25831604003906,4319400,0.0,0.0,81.97055435180664,81.80098052978515,1,1.0,Golden Cross (BUY)
2023-12-01,83.23154603324826,84.00740628423134,82.93725092927725,83.87364196777344,3197800,0.0,0.0,82.109228515625,81.79135864257813,1,0.0,
2023-12-04,83.65070697303801,84.53358563521057,82.4824462422457,82.87483978271484,5729500,0.0,0.0,82.17210121154785,81.77917282104492,1,0.0,
2023-12-05,82.50920642080237,83.29399357127545,81.84035744694934,82.52704620361328,3606800,0.0,0.0,82.24210739135742,81.78131332397462,1,0.0,
2023-12-06,80.96638826459589,81.48363303796079,80.39563775739418,81.24284362792969,5719600,0.0,0.0,82.23408088684081,81.78184844970703,1,0.0,
2023-12-07,81.48363077565078,81.57280926419708,80.87720752810036,81.26068115234375,5511700,0.0,0.0,82.27510375976563,81.79611740112304,1,0.0,
2023-12-08,81.44796978749919,81.57282105027971,80.8593794310623,81.43013000488281,3877500,0.0,0.0,82.34243431091309,81.7650828552246,1,0.0,
2023-12-11,81.93845533643655,83.21372764422253,81.93845533643655,82.92835235595703,4270100,0.0,0.0,82.4891357421875,81.77239578247071,1,0.0,
2023-12-12,82.76781272237092,82.95508958211363,82.18814916768827,82.83023834228516,4038200,0.0,0.0,82.61755409240723,81.79861450195312,1,0.0,
2023-12-13,82.83023829113209,84.20360873227945,81.80467550801474,84.18577575683594,11393000,0.0,0.0,82.79591331481933,81.8722770690918,1,0.0,
2023-12-14,84.67626193100295,86.12989779031828,84.42655944824219,84.42655944824219,8806900,0.0,0.0,82.92700729370117,81.9318490600586,1,0.0,
2023-12-15,84.35520440979565,84.98838723884077,84.18576734642166,84.23927307128906,17596500,0.0,0.0,83.06880226135254,81.97608184814453,1,0.0,
2023-12-18,84.64951858444147,85.23810890617838,83.94499689806689,84.61384582519531,4606400,0.0,0.0,83.19945106506347,82.02441741943359,1,0.0,
2023-12-19,84.89921378196429,85.38970567449351,84.62275842647466,84.96163940429688,3897900,0.0,0.0,83.32831573486328,82.07721160888671,1,0.0,
2023-12-20,84.74464896411307,85.05205181561945,83.14432478442139,83.17144775390625,4461900,1.3,0.0,83.3489429473877,82.06316772460937,1,0.0,
2023-12-21,83.43364603941744,84.18408036863657,83.28898790615101,83.93092346191406,3617600,0.0,0.0,83.36206169128418,82.08036544799805,1,0.0,
2023-12-22,84.07557526499264,84.80792985916644,83.8043386987868,84.0303726196289,2578700,0.0,0.0,83.35696716308594,82.12238235473633,1,0.0,
2023-12-26,83.85860860379707,84.6813756218979,83.72298683292212,84.31067657470703,2608400,0.0,0.0,83.37881889343262,82.16304916381836,1,0.0,
2023-12-27,84.25640397235756,84.93450571421555,84.25640397235756,84.78984069824219,3717200,0.0,0.0,83.42016906738282,82.1979605102539,1,0.0,
2023-12-28,84.58190532969627,85.33233278772826,84.49148623291366,85.06109619140625,3425800,0.0,0.0,83.49737701416015,82.2334814453125,1,0.0,
2023-12-29,85.06109619140625,85.27808684806558,84.74465004669293,85.06109619140625,3709200,0.0,0.0,83.58751602172852,82.27221252441406,1,0.0,
